Abrer Laser Sight;Sight;0.1; ;12.5;0.9; ;0.046;0;0.046;110;3.30;2.32 PED;231957; ; ; ; ; ; ; ; ; ; ;Crafted;; 
Alekz Precision Scope;Scope;1; ;2;0.6;6;0.029;0;0.029;34;1.02;0.92 PED;113725; ; ; ; ; ; ; ; ; ; ;Crafted;; 
Beacin Laser Sight;Sight;0.1; ;13;1.4; ;0.069;0;0.069;160;4.80;1.30 PED;224928; ; ; ; ; ; ; ; ; ; ;Crafted;; 
Bjornir Precision Scope;Scope;1; ;5;0.8;12;0.039;0;0.039;58;1.74;1.45 PED;144257; ; ; ; ; ; ; ; ; ; ;Crafted;; 
Block Rocker BLP Amp Mk I (L);BLP Amp;0.5;14; ; ; ; ; ; ;110; ; ; ; ; ; ;1;13; ; ; ; ; ;Looted;11.10.5;ROCKtropia
Block Rocker BLP Amp Mk II (L);BLP Amp;0.5;29; ; ; ;6.865;0;6.865;143;4.28; ;2021;4.224; ; ;2;27; ; ; ; ; ;Looted;11.10.5;ROCKtropia
Boom AAC (L);Energy Amp;0.8;28; ; ; ;2.000;500;7.000;79;2.37;196.09%;3832;4.000; ; ; ;3; ;25; ; ; ;Looted;; 
Boom ACC (L);Energy Amp;0.6;10; ; ; ;1.440;100;2.440;37;1.11;100.45%;2493;4.098; ; ; ;1; ;9; ; ; ;Looted;; 
Boom BBC (L);Energy Amp;1;69; ; ; ;4.751;1200;16.751;135;4.05;667.80%;2757;4.119; ; ; ;7; ;62; ; ; ;Looted;9.3.8; 
Boom BCC (L);Energy Amp;0.8;20; ; ; ;1.850;300;4.850;51.5;1.545;115.00%;2701;4.124; ; ; ;2; ;18; ; ; ;Looted;9.3.4; 
Boom CCC (L);Energy Amp;0.7;4; ; ; ;0.969;0;0.969;20.5;0.615;102.56%;2053;4.128; ; ; ; ; ;4; ; ; ;Looted;9.3.4; 
Bullseye 1;Sight;0.1; ;10;1; ;0.040;0;0.040;60;1.80;6.47 PED;145501; ; ; ; ; ; ; ; ; ; ;Crafted;11.10.2;Planet Arkadia
Bullseye 2;Sight;0.1; ;12;1.1; ; ;0; ;70;2.10;14.50 PED; ; ; ; ; ; ; ; ; ; ; ;Crafted;12.0.3;Planet Arkadia
Bullseye 3;Sight;0.1; ;14;1.2; ; ; ; ;80;2.40;5.99 PED; ; ; ; ; ; ; ; ; ; ; ;Crafted;;Planet Arkadia
Bullseye 4;Sight;0.1; ;16;1.3; ;0.070;0;0.070;90;2.70;8.11 PED;124715; ; ; ; ; ; ; ; ; ; ;Crafted;;Planet Arkadia
Bullseye 5;Sight;0.1; ;18;1.4; ; ; ; ;100;3.00; ; ; ; ; ; ; ; ; ; ; ; ;Crafted;;Planet Arkadia
Bullseye 6;Sight;0.1; ;20;1.5; ; ; ; ;110;3.30; ; ; ; ; ; ; ; ; ; ; ; ;Crafted;;Planet Arkadia
Bullseye 7;Sight;0.1; ;22;1.6; ; ; ; ;120;3.60; ; ; ; ; ; ; ; ; ; ; ; ;Crafted;;Planet Arkadia
Bullseye 8;Sight;0.1; ;24;1.7; ;0.110;0;0.110;130;3.90;3.02 PED;114637; ; ; ; ; ; ; ; ; ; ;Crafted;;Planet Arkadia
Bull Tac10 (L);BLP Amp;0.5;2; ; ; ;0.477;0;0.477;8.5;0.255;117.65%;1729;4.193; ; ;1;1; ;0; ; ; ;Crafted;; 
Bull Tac20 (L);BLP Amp;0.5;5; ; ; ;1.195;0;1.195;19;0.57;102.52%;1543;4.184; ; ;2;3; ; ; ; ; ;Crafted;; 
Bull Tac25 (L);BLP Amp;0.6;8; ; ; ;0.930;100;1.930;24.2;0.726;115.70%;2525;4.145; ; ;2;6; ; ; ; ; ;Crafted;9.3.4; 
Bull Tac30 (L);BLP Amp;0.6;13; ; ; ;1.139;200;3.139;41;1.23;103.23%;3492;4.141; ; ;4;9; ; ; ; ; ;Crafted;; 
Bull Tac40 (L);BLP Amp;0.6;17; ; ; ;1.095;300;4.095;44;1.32;109.00%;3898;4.151;0;0;4;13;0;0;0;0;0;Crafted;; 
Bull Tac50 (L);BLP Amp;0.7;22; ; ; ;1.311;400;5.311;57;1.71;133.00%;4218;4.142; ; ;5;17; ; ; ; ; ;Crafted;; 
Bull Tac60 (L);BLP Amp;0.6;24; ; ; ;1.779;400;5.779;61;1.83;172.13%;3327;4.153; ; ;7;17; ; ; ; ; ;Crafted;9.3.4; 
Bull Tac70 (L);BLP Amp;8;33; ; ; ;2.000;600;8.000;106;3.18;194.00%;5142;4.125; ; ;7;26; ; ; ; ; ;Crafted;; 
Bull Tac80 (L);BLP Amp;0.9;39; ; ; ;2.500;700;9.500;149;4.47;268.00%;5782;4.105; ; ;8;31; ; ; ; ; ;Crafted;; 
Bull TacElite (L);BLP Amp;1;50; ; ; ;3.207;900;12.207;235; ;404.00%; ;4.096; ; ;10;40; ; ; ; ; ;Crafted;; 
Bust-A-BLP Amp Mk I (L);BLP Amp; ; ; ; ; ; ; ; ; ; ; ; ; ; ; ; ; ; ; ; ; ; ;Crafted;12.4.1;ROCKtropia
Bust-A-BLP Amp Mk II (L);BLP Amp; ; ; ; ; ; ; ; ; ; ; ; ; ; ; ; ; ; ; ; ; ; ;Crafted;;ROCKtropia
Castar Laser Sight;Sight; ; ;13.5;1.8; ; ;0; ;220;6.60;4.51 PED; ; ; ; ; ; ; ; ; ; ; ;Crafted;; 
CDF BLP Power Amp 1 (L);BLP Amp;0.3;18; ; ; ;0.220;409;4.310;4.55;0.1365; ;2007;4.176; ; ;8;10; ; ; ; ; ;Combat Token Trader;;Planet Calypso
CDF BLP Power Amp 2 (L);BLP Amp;0.3;28; ; ; ; ;632; ;7.65;0.2295; ; ; ; ; ;11;17; ; ; ; ; ;Combat Token Trader;;Planet Calypso
CDF BLP Power Amp 3 (L);BLP Amp;0.3;36; ; ; ; ;810; ;9.1;0.273; ; ; ; ; ;16;20; ; ; ; ; ;Combat Token Trader;;Planet Calypso
CDF BLP Power Amp 4 (L);BLP Amp;0.3;62; ; ; ;0.990;1400;14.990;15.3;0.459; ;1500;4.136; ; ;24;38; ; ; ; ; ;Combat Token Trader;;Planet Calypso
CDF Laser Power Amp 1 (L);Energy Amp;0.3;18; ; ; ;0.260;402;4.280;5.5;0.165; ;2052;4.206; ; ; ;5; ;13; ; ; ;Combat Token Trader;;Planet Calypso
CDF Laser Power Amp 2 (L);Energy Amp;0.3;24; ; ; ; ;530; ;7.3;0.219; ; ; ; ; ; ;4; ;20; ; ; ;Combat Token Trader;;Planet Calypso
CDF Laser Power Amp 3 (L);Energy Amp;0.3;40; ; ; ; ;880; ;11;0.33; ; ; ; ; ; ;12; ;28; ; ; ;Combat Token Trader;;Planet Calypso
CDF Laser Power Amp 4 (L);Energy Amp;0.3;78; ; ; ;0.990;1722;18.210;20;0.60; ;1960;4.283; ; ; ;14; ;64; ; ; ;Combat Token Trader;;Planet Calypso
Cinclar Precision Scope;Scope;0.6; ;7;0.8;16;0.042;0;0.042;87;2.61;1.27 PED;200929; ; ; ; ; ; ; ; ; ; ;Crafted;; 
Dacascos Precision Scope;Scope;0.5; ;8;1;18;0.051;0;0.051;120;3.60;1.13 PED;228236; ; ; ; ; ; ; ; ; ; ;Crafted;; 
DSEC BLP Amp v1 (L);BLP Amp;0.6;19; ; ; ; ;351; ;19; ; ; ; ; ; ;5;14; ; ; ; ; ;Crafted;14.4.2; 
DSEC BLP Amp v2 (L);BLP Amp;0.7;34; ; ; ; ;524; ;40; ; ; ; ; ; ;9;25; ; ; ; ; ;Crafted;14.4.2; 
DSEC Laser Amp v1 (L);Energy Amp;0.6;17; ; ; ; ;312; ;16;0.48; ; ; ; ; ; ;5; ;12; ; ; ;Crafted;14.3.4;Monria
DSEC Laser Amp v2 (L);Energy Amp;0.6;31; ; ; ; ;483; ;34; ; ; ; ; ; ; ;10; ;21; ; ; ;Crafted;14.4.2; 
Dynera Laser Sight;Sight;0.1; ;15.5;1.9; ;0.096;0;0.096;260;7.80;3.06 PED;262709; ; ; ; ; ; ; ; ; ; ;Crafted;; 
E-Amp 11;Energy Amp; ;7;0; ; ;0.711;100;1.711;29;0.87;1.33 PED;3957;4.091; ; ; ;1; ;6; ; ; ;Crafted;; 
E-Amp 12;Energy Amp;1;10;0; ; ;1.556;100;2.556;39;1.17;1.27 PED;2432;3.912; ; ; ; ; ; ; ; ; ;Crafted;; 
E-Amp 13;Energy Amp;1;15;0; ; ;2.930;100;3.930;61;1.83;2.19 PED;2020;3.817; ; ; ;1; ;14; ; ; ;Crafted;; 
E-Amp 14;Energy Amp; ;20;0; ; ;4.311;100;5.311;85;2.55;6.34 PED;1913;3.766; ; ; ;2; ;18; ; ; ;Crafted;; 
E-Amp 15;Energy Amp;1;23;0; ; ;5.633;100;6.633;129.95;3.8985;8.68 PED;2238;3.468; ; ; ;2; ;19; ;1;1;Crafted;; 
Ecivox Laser Sight;Sight; ; ;19.5;1.3; ; ;0; ;240;7.20;79.74 PED; ; ; ; ; ; ; ; ; ; ; ;Crafted;; 
Elkarr Precision Scope;Scope;0.5; ;8.5;1.2;19;0.059;0;0.059;150;4.50;3.00 PED;246611; ; ; ; ; ; ; ; ; ; ;Crafted;; 
Enkidd Black Widow (L);BLP Amp;1;15; ; ; ;1.600;200;3.600;70;2.10; ;4244;4.167; ; ; ; ; ; ; ; ; ; ;; 
Enkidd Brown Recluse (L);BLP Amp;1;20; ; ; ;1.800;300;4.800;80;2.40; ;4312;4.167; ; ; ;20; ; ; ; ; ;Looted;14.6.1.1; 
Enkidd Camel Spider (L);BLP Amp;1;10; ; ; ;1.400;100;2.400;60;1.80; ;4158;4.167; ; ; ;10; ; ; ; ; ;Looted;;Planet Cyrene
Enkidd Dismalites (L);Sight;0.1; ;9.9;1.5; ; ;0; ;40; ; ; ; ; ; ; ; ; ; ; ; ; ;Crafted;12.9;Planet Cyrene
Fi/Ra/Co Angst;BLP Amp; ;15;0; ; ;1.897;200;3.897;120;3.60;155.78 PED;6137;3.849; ; ;1;14; ; ; ; ; ;Crafted;; 
Fi/Ra/Co Beast;BLP Amp;0.5;19;0; ; ;2.366;200;4.366;123;3.69;107.16 PED;5043;4.352; ; ;2;17; ; ; ; ; ;Crafted;; 
Fi/Ra/Co Beast, SGA Edition;BLP Amp;0.5;21; ; ; ;2.826;200;4.826;123;3.69;1485.77 PED;4222;4.351; ; ;3;18; ; ; ; ; ;Crafted;10.0.13; 
Fi/Ra/Co Cause;BLP Amp;0.5;26;0; ;0;4.522;200;6.522;170;5.10;647.77 PED;3647;3.987;0;0;2;24;0;0;0;0;0;Crafted;; 
Fi/Ra/Co Cause Adjusted;BLP Amp;0.6;27; ; ; ;4.102;245;6.552;200;6.00; ;4730;4.121; ; ;3;24; ; ; ; ; ;Crafted;;Planet Calypso
Fi/Ra/Co Cause Improved;BLP Amp;0.6;28; ; ; ;3.880;276;6.640;250;7.50; ;6251;4.217; ; ;4;24; ; ; ; ; ;Crafted;14.2.1;Planet Calypso
Fi/Ra/Co Cause Modified;BLP Amp;0.6;29; ; ; ;3.830;292;6.750;300;9.00; ;7598;4.296; ; ;5;24; ; ; ; ; ;Crafted;; 
Fi/Ra/Co Dante;BLP Amp;0.6;31;0; ; ;4.000;300;7.000;199;5.97;2171.37 PED;4826;4.429; ; ;3;28; ; ; ; ; ;Crafted;; 
Fi/Ra/Co Evil;BLP Amp;0.6;36;0; ; ;5.950;300;8.950;211;6.33;4770.75 PED;3440;4.022; ; ;3;33; ; ; ; ; ;Crafted;; 
Fi/Ra/Co Evil Adjusted;BLP Amp;0.6;39; ; ; ;5.950;320;9.150;444;13.32; ;7239;4.262; ; ;4;35; ; ; ; ; ;Crafted;14.2;Planet Calypso
Fi/Ra/Co Evil Improved;BLP Amp;0.6;41;0;0;0;5.950;354;9.490;555;16.65;19000.00 PED;9048;4.320; ; ;5;36; ; ; ; ; ;Crafted;14.2.1;Planet Calypso
Fi/Ra/Co Evil Modified;BLP Amp;0.6;43; ; ; ;5.950;386;9.810;666;19.98;30000.00 PED;10858;4.383; ; ;6;37; ; ; ; ; ;Crafted;14.2.1;Planet Calypso
Flexur Precision Scope;Scope;0.5; ;9;1.3;20; ;0; ;85;2.55;22.88 PED; ; ; ; ; ; ; ; ; ; ; ;Crafted;; 
Framur Laser Sight;Sight;0.1; ;21;1.6; ; ;0; ;245; ; ; ; ; ; ; ; ; ; ; ; ; ;Crafted;12.5.7; 
Gargul Laser Sight;Sight;0.1; ;21.5;1.8; ;0.090;0;0.090;250;7.50;6.07 PED;269445; ; ; ; ; ; ; ; ; ; ;Crafted;; 
Grender Precision Scope;Scope;0.4; ;9.5;0.4;21;0.070;0;0.070;95;2.85;3.40 PED;131643; ; ; ; ; ; ; ; ; ; ;Crafted;; 
Hanzor Precision Scope;Scope;0.3; ;10;1.4;22;0.072;0;0.072;111;3.33;22.12 PED;149542; ; ; ; ; ; ; ; ; ; ;Crafted;; 
Hawk 3k (L);Scope;1; ;5;0.6;6; ;0; ;60; ; ; ; ; ; ; ; ; ; ; ; ; ; ;; 
Headshot 1;Scope;0.3; ;4;1.1;6;0.023;0;0.023;25;0.75;8.00 PED;105435; ; ; ; ; ; ; ; ; ; ;Crafted;11.10.2;Planet Arkadia
Headshot 2;Scope;0.3; ;6;1.2;9;0.032;0;0.032;35;1.05;2.71 PED;106094; ; ; ; ; ; ; ; ; ; ;Crafted;12.0.3;Planet Arkadia
Headshot 3;Scope;0.3; ;8;1.3;12;0.041;0;0.041;45;1.35;7.00 PED;106464; ; ; ; ; ; ; ; ; ; ;Crafted;;Planet Arkadia
Headshot 4;Scope;0.3; ;10;1.4;15; ; ; ;55;1.65;18.51 PED; ; ; ; ; ; ; ; ; ; ; ;Crafted;;Planet Arkadia
Hotfoot 5 (L);Energy Amp;0.4;4; ; ; ;0.182;75;0.932;20;0.60;130.00%;10660;4.292; ; ; ;1; ;3; ; ; ;Crafted, Looted;;Planet Arkadia
Hotfoot 10 (L);Energy Amp;0.4;10; ; ; ;0.465;190;2.365;40;1.2004;110.08%;8345;4.228; ; ; ;2; ;8; ; ; ;Crafted;12.0.3;Planet Arkadia
Hotfoot 15 (L);Energy Amp;0.4;17; ; ; ;0.790;325;4.040;70;2.10;123.13%;8595;4.208; ; ; ;4; ;13; ; ; ;Crafted, Looted;Planet Arkadia 2011.5;Planet Arkadia
Hotfoot 20 (L);Energy Amp;0.4;24; ; ; ;1.070;465;5.720;100;3.00; ;9066;4.196; ; ; ;5; ;19; ; ; ;Crafted;12.4.1;Planet Arkadia
Hotfoot 25 (L);Energy Amp;0.4;29; ; ; ;1.261;565;6.911;130;3.90; ;10001;4.196; ; ; ;6; ;23; ; ; ;Crafted;;Planet Arkadia
Hotfoot 30 (L);Energy Amp;0.4;36; ; ; ;1.411;700;8.411;160; ; ; ;4.280; ; ; ;7; ;29; ; ; ;Crafted;14.1.3;Planet Arkadia
Hotfoot 35 (L);Energy Amp;0.4;42; ; ; ;1.826;820;10.026;205;6.15; ;10890;4.189; ; ; ;8; ;34; ; ; ;Crafted;14.2.1;Planet Arkadia
Hotfoot 40 (L);Energy Amp;0.4;47; ; ; ;2.076;915;11.226;260;7.80; ;12149;4.187; ; ; ;9; ;38; ; ; ;Crafted;;Planet Arkadia
Hotfoot 45 (L);Energy Amp;0.4;54; ; ; ; ;1055; ;325;9.75; ; ; ; ; ; ;11; ;43; ; ; ;Crafted;; 
Hotfoot 50 (L);Energy Amp;0.4;58; ; ; ; ;1135; ;395; ; ; ; ; ; ; ;12; ;46; ; ; ;Crafted;;Planet Arkadia
Hunnir Laser Sight;Sight;0.1; ;22;2; ;0.098;0;0.098;251.75;7.5525;50.00 PED;249182; ; ; ; ; ; ; ; ; ; ;Crafted;; 
I.C.U Laser Sight Mk I;Sight;0.3; ;6;0.5; ; ; ; ;120; ;4.14 PED; ; ; ; ; ; ; ; ; ; ; ;Looted;;ROCKtropia
Ignaritz Laser Sight;Sight; ; ;23;2.2; ; ;0; ;259;7.77;349.97 PED; ; ; ; ; ; ; ; ; ; ; ;Crafted;; 
Ikamar Precision Scope;Scope;0.3; ;11;1.6;24;0.082;0;0.082;142;4.26;4.99 PED;167976; ; ; ; ; ; ; ; ; ; ;Crafted;; 
Jakth Laser Sight;Sight; ; ;23.5;2.5; ; ;0; ;262;7.86;1000.56 PED; ; ; ; ; ; ; ; ; ; ; ;Crafted;; 
Jzar Precision Scope;Scope;0.3; ;14;1.8;30;0.088;0;0.088;187;5.61;45.00 PED;206126; ; ; ; ; ; ; ; ; ; ;Crafted;; 
Longreach 1;Scope;0.5; ;6;0.6;24;0.058; ; ;65;1.95;5.13 PED;108707; ; ; ; ; ; ; ; ; ; ;Crafted;;Planet Arkadia
Longreach 2;Scope;0.5; ;9;0.7;27; ;0; ;75;2.25;18.08 PED; ; ; ; ; ; ; ; ; ; ; ;Crafted;;Planet Arkadia
Longreach 3;Scope;0.5; ;12;0.8;30; ; ; ;85;2.55; ; ; ; ; ; ; ; ; ; ; ; ;Crafted;;Planet Arkadia
Longreach 4;Scope;0.5; ;15;0.9;33; ; ; ;95;2.85; ; ; ; ; ; ; ; ; ; ; ; ;Crafted;;Planet Arkadia
Loughlin NanoRep M-Amp II (L);Melee Amp;0.6;1; ; ; ; ; ; ;100;3.00; ; ; ; ; ; ; ; ; ; ; ;1;Token Trader;14.4.1;Planet Calypso
Low Rider BLP Amp Mk I (L);BLP Amp;0.5;20; ; ; ;4.640;0;4.640;46.8;1.39;126.00%;979;4.310; ; ;6;14; ; ; ; ; ;Crafted;12.0.0;ROCKtropia
Low Rider BLP Amp Mk II (L);BLP Amp;0.5;44; ; ; ;10.100;0;10.100;176;5.28;127.27%;1691;4.356; ; ;9;35; ; ; ; ; ;Crafted;12.0.0;ROCKtropia
Lucky Laser Sight Mk I;Sight;0.3; ;5;0.5; ; ; ; ;110;3.30; ; ; ; ; ; ; ; ; ; ; ; ;Crafted;;ROCKtropia
Lucky Laser Sight Mk II;Sight;0.3; ;8;1.4; ; ; ; ;160;4.80; ; ; ; ; ; ; ; ; ; ; ; ;Crafted;;ROCKtropia
Marshall Laser Amp Mk I (L);Energy Amp;0.6;10; ; ; ; ; ; ;26.5; ; ; ; ; ; ; ;2; ;8; ; ; ;Looted;;ROCKtropia
Marshall Laser Amp Mk II (L);Energy Amp;0.6;17; ; ; ; ; ; ;44; ; ; ; ; ; ; ;2; ;15; ; ; ;Looted;11.10.5;ROCKtropia
Omegaton A101;Energy Amp;1;3;0; ; ;0.652;0;0.652;18;0.54;118.77 PED;2678;4.601; ; ; ;3; ; ; ; ; ;Looted;; 
Omegaton A102;Energy Amp;1;7;0; ; ;0.521;100;1.521;25;0.75;34.39 PED;4655;4.602; ; ; ; ; ;7; ; ; ;Looted;; 
Omegaton A103;Energy Amp;1;12;0; ; ;1.606;100;2.606;30;0.90;23.61 PED;1812;4.605; ; ; ;2; ;10; ; ; ;Looted;; 
Omegaton A104;Energy Amp;1;14;0; ; ;2.039;100;3.039;40;1.20;119.40 PED;1903;4.607; ; ; ;2; ;12; ; ; ;Looted;; 
Omegaton A104, SGA Edition;Energy Amp;1;15; ; ; ;2.267;100;3.267;40;1.20;589.25 PED;1712;4.591; ; ; ;2; ;13; ; ; ;Looted;; 
Omegaton A104 Ancient;Energy Amp; ;14;0; ; ;3.012;0;3.012;40;1.20;1000.00 PED;1289;4.648; ; ; ;2; ;12; ; ; ;Pregold;; 
Omegaton A105;Energy Amp;1;16;0; ; ;2.470;100;3.470;45;1.35;750.00 PED;1768;4.611; ; ; ;3; ;13; ; ; ;Looted;; 
Omegaton A105 Adjusted;Energy Amp;0.3;17; ; ; ;2.476;121;3.686;92;2.76;1500.00 PED;3605;4.612; ; ; ;3; ;14; ; ; ;Mission;14.2;Planet Calypso
Omegaton A105 Hypercharged;Energy Amp;0.3;21; ; ; ;2.470;228;4.750;184;5.52; ;7226;4.421; ; ; ;3; ;18; ; ; ;Mission;14.2;Planet Calypso
Omegaton A105 Improved;Energy Amp;0.3;18; ; ; ;2.473;143;3.903;184;5.49; ;7219;4.612; ; ; ;3; ;15; ; ; ;Mission;14.2;Planet Calypso
Omegaton A105 Overcharged;Energy Amp;0.3;19; ; ; ;2.470;175;4.220;92;2.76; ;3613;4.502; ; ; ;3; ;16; ; ; ;Mission;14.2;Planet Calypso
Omegaton A106;Energy Amp;1;18;0; ; ;2.902;100;3.902;60;1.80;2500.00 PED;2006;4.613; ; ; ;3; ;15; ; ; ;Looted;; 
Omegaton A201;Energy Amp;1;7;0; ; ;0.520;100;1.520;25;0.75;166.00 PED;4664;4.605; ; ; ;5; ;2; ; ; ;Old time;; 
Omegaton A202;Energy Amp;1;10;0; ; ;1.164;100;2.164;29;0.87;449.78 PED;2417;4.621; ; ; ;5; ;5; ; ; ;Old time;; 
Omegaton A203;Energy Amp;1;15;0; ; ;2.243;100;3.243;49;1.47;1000.00 PED;2120;4.625; ; ; ;5; ;10; ; ; ;Old time/Looted;;Planet Calypso
Omegaton A204;Energy Amp;1;20;0; ; ;3.310;100;4.310;70;2.10;8500.00 PED;2052;4.640; ; ; ;5; ;15; ; ; ;Old Time, Looted;; 
Omegaton A204, SGA Edition;Energy Amp;1;22; ; ; ;3.793;100;4.793;70;2.10; ;1791;4.590; ; ; ;6; ;16; ; ; ;Looted;10.0.12; 
Omegaton A204 Adjusted;Energy Amp;0.3;21;0;0;0;3.316;121;4.526;141;4.23; ;4125;4.640; ; ; ;5; ;16; ; ; ;Mission;Planet Calypso 2013.2.1;Planet Calypso
Omegaton A204 Hypercharged;Energy Amp;0.3;32; ; ; ;3.315;374;7.055;343;10.29; ;10037;4.536; ; ; ;7; ;25; ; ; ;Mission;14.2;Planet Calypso
Omegaton A204 Improved;Energy Amp;0.3;22;0;0;0;3.311;143;4.741;242;7.26; ;7090;4.640; ; ; ;5; ;17; ; ; ;Mission;14.2.1;Planet Calypso
Omegaton A204 Overcharged;Energy Amp;0.3;26; ; ; ;3.310;242;5.730;171;5.10; ;5013;4.538; ; ; ;6; ;20; ; ; ;Mission;14.2;Planet Calypso
Omegaton Amplifier Modified;Energy Amp;1;55; ; ; ; ;400; ;10000;300.00; ; ; ; ; ; ; ; ;55; ; ; ;MA Only;; 
Omegaton B101 (L);Energy Amp;0.3;1; ; ; ;0.002;23;0.232;0.08;0.0024; ;3881;4.310; ; ; ; ; ;1; ; ; ;Looted;Planet Calypso 2012.4;Planet Calypso
Rage 5 (L);BLP Amp;0.4;4; ; ; ;0.226;70;0.926;17;0.51;115.29%;7297;4.320; ; ;1;3; ; ; ; ; ;Crafted, Looted;11.10.2;Planet Arkadia
Rage 10 (L);BLP Amp;0.4;9; ; ; ;0.467;165;2.117;37;1.11;110.81%;7686;4.251; ; ;2;7; ; ; ; ; ;Crafted, Looted;;Planet Arkadia
Rage 15 (L);BLP Amp; ;16; ; ; ;0.781;300;3.781;65;1.95; ;8073;4.232; ; ;4;12; ; ; ; ; ;Crafted, Looted;;Planet Arkadia
Rage 20 (L);BLP Amp;0.4;22; ; ; ;1.063;415;5.213;94;2.82; ;8578;4.220;0;0;5;17;0;0;0;0;0;Crafted, Looted;;Planet Arkadia
Rage 25 (L);BLP Amp;0.4;27; ; ; ; ;515; ;117;3.51; ; ; ;0;0;6;21;0;0;0;0;0;Crafted, Looted;;Planet Arkadia
Rage 30 (L);BLP Amp;0.4;31; ; ; ;1.459;590;7.359;143; ;143.00%; ;4.213; ; ;7;24; ; ; ; ; ;Crafted;; 
Rage 35 (L);BLP Amp;0.4;34; ; ; ;1.574;650;8.074;170;5.10; ;10477;4.211; ; ;8;26; ; ; ; ; ;Crafted, Looted;14.1.1;Planet Arkadia
Rage 40 (L);BLP Amp;0.4;38; ; ; ;1.778;725;9.028;210; ;127.14%; ;4.209; ; ;9;29; ; ; ; ; ;Crafted, Looted;14.1.1;Planet Arkadia
Rage 45 (L);BLP Amp;0.4;45; ; ; ; ;860; ;290;8.70; ; ; ; ; ;10;35; ; ; ; ; ;Crafted, Looted;14.1.3;Planet Arkadia
Rage 50 (L);BLP Amp;0.4;49; ; ; ;2.302;935;11.652;360;10.80; ;15170;4.205; ; ;11;38; ; ; ; ; ;Crafted, Looted;14.1.1;Planet Arkadia
RapMan (L);BLP Amp;0.8;28; ; ; ;1.820;500;6.820;81;2.43;121.61%;4318;4.106; ; ;6;22; ; ; ; ; ;Looted;; 
Rapper (L);BLP Amp;0.6;10; ; ; ;1.438;100;2.438;38;1.14;112.00%;2564;4.102; ; ;3;7; ; ; ; ; ;Looted;; 
Rapper Snapper (L);BLP Amp;0.7;20; ; ; ;1.843;300;4.843;46.8;1.404;103.03%;2464;4.130; ; ;6;14; ; ; ; ; ;Looted;9.3.4; 
RapSTAR (L);BLP Amp;0.9;44; ; ; ;2.757;800;10.757;176;5.28;308.00%;6193;4.090; ; ;9;35; ; ; ; ; ;Looted;; 
Roadie BLP Amp Mk I (L);BLP Amp;0.5;2; ; ; ;0.477;0;0.477;8.5;0.255; ;1729;4.193; ; ; ; ; ;2; ; ; ;Crafted;11.10.5;ROCKtropia
Roadie BLP Amp Mk II (L);BLP Amp;0.5;5; ; ; ;1.194;0;1.194;19;0.56; ;1545;4.188; ; ; ; ; ;5; ; ; ;Crafted;12.0.0;ROCKtropia
Road-Monkey Laser Amp Mk I (L);Energy Amp;0.6;2; ; ; ;0.478;0;0.478;9.2;0.276; ;1867;4.184; ; ; ; ; ;2; ; ; ;Crafted;;ROCKtropia
Road-Monkey Laser Amp Mk IV (L);Energy Amp;0.6;13; ; ; ;3.000;0;3.000;39;1.14; ;1263;4.333; ; ; ;2; ;11; ; ; ;Crafted;12.0.0;ROCKtropia
Rookie Laser Amp (L);Energy Amp;0.3;1; ; ; ;0.046;20;0.246;0.05;0.0015; ;106;4.065; ; ; ; ; ;1; ; ; ;Mission;; 
Seizzt Laser Sight 2000L;Sight;1; ;4;0.4; ;0.020;0;0.020;15;0.45;17.97 PED;72751; ; ; ; ; ; ; ; ; ; ;Old Time, Looted;;Space
Seizzt Laser Sight 2000L+;Sight;1; ;5;0.3; ;0.017;0;0.017;30;0.90;22.74 PED;171177; ; ; ; ; ; ; ; ; ; ;Old time;; 
Seizzt Ranger Scope 1800RS;Scope;1; ;2;0.4;6;0.020;0;0.020;30;0.90;5.48 PED;145501; ; ; ; ; ; ; ; ; ; ;Old time;; 
Seizzt Ranger Scope 1850RS;Scope; ; ;3;0.5;8;0.020;0;0.020;35;1.05;7.14 PED;169751; ; ; ; ; ; ; ; ; ; ;Old time;; 
Seizzt Ranger Scope 1900RS;Scope;1; ;4;0.5;10;0.026;0;0.026;45;1.35;23.20 PED;167885; ; ; ; ; ; ; ; ; ; ;Old time;; 
Seizzt Ranger Scope 1950RS;Scope; ; ;5;0.6;12;0.029;0;0.029;50;1.50;21.49 PED;167242; ; ; ; ; ; ; ; ; ; ;Old time;; 
Seizzt Ranger Scope 2500RS;Scope; ; ;7;0.6;16;0.032;0;0.032;79;2.37;88.44 PED;239469; ; ; ; ; ; ; ; ; ; ;Old time;; 
Seizzt Ranger Scope 3500RS;Scope;0.6; ;8;0.7;18;0.037;0;0.037;110;3.30;197.62 PED;288379; ; ; ; ; ; ; ; ; ; ;Old time;; 
Seizzt Ranger Scope 4000RS;Scope; ; ;9;0.8;19; ;0; ;140;4.20; ; ; ; ; ; ; ; ; ; ; ; ;Old time;; 
Shack-A-Lacka Laser Amp Mk I (L);Energy Amp; ; ; ; ; ; ; ; ; ; ; ; ; ; ; ; ; ; ; ; ; ; ;Crafted;12.0.3;ROCKtropia
Shack-A-Lacka Laser Amp Mk II (L);Energy Amp;0.6;10; ; ; ;2.340;0;2.340;37;1.10;0.00%;1535;4.274; ; ; ;1; ;9; ; ; ;Crafted;12.0.0;ROCKtropia
Shear Pro600 (L);Energy Amp;0.8;33;0; ;0;1.975;600;7.975;105;3.15;244.12%;5157;4.138; ; ; ;3; ;30; ; ; ;Crafted;; 
Shear Pro700 (L);Energy Amp;0.9;39;0; ;0;2.451;700;9.451;149; ;510.00%; ;4.127; ; ; ;4; ;35; ; ; ;Crafted;; 
Shear Pro900 (L);Energy Amp;1;50;0; ;0; ;900; ;242;7.26;517.06%; ; ; ; ; ;5; ;45; ; ; ;Crafted;9.3.2; 
Shear ProM (L);Energy Amp;1.1;57; ; ; ; ;1000; ;267; ; ; ; ; ; ; ;6; ;51; ; ; ;Crafted;14.3.1;Planet Calypso
Shear ProMC (L);Energy Amp;0.9;78; ; ; ; ;1400; ;301;9.03; ; ; ; ; ; ;8; ;70; ; ; ;Crafted;14.3.1;Planet Calypso
Shear XR40 (L);Energy Amp;0.5;2;0; ;0;0.478;0;0.478;9.2;0.276;107.01%;1867;4.184; ; ; ; ; ;2; ; ; ;Crafted;; 
Shear XR50 (L);Energy Amp;0.5;5;0; ;0;1.200;0;1.200;21;0.63;102.00%;1698;4.167; ; ; ; ; ;5; ; ; ;Crafted;; 
Shear XR55 (L);Energy Amp;0.8;8; ; ; ;0.931;100;1.931;29.5;0.885;118.41%;3074;4.143; ; ; ;1; ;7; ; ; ;Crafted;9.3.4; 
Shear XR60 (L);Energy Amp;0.7;13; ; ; ;1.139;200;3.139;39;1.17;103.19%;3322;4.141; ; ; ;2; ;11; ; ; ;Crafted;9.3.4; 
Shear XR70 (L);Energy Amp;0.6;17;0; ;0;1.093;300;4.093;43;1.29;105.91%;3817;4.153; ; ; ;2; ;15; ; ; ;Crafted;; 
Shear XR80 (L);Energy Amp;0.7;22; ; ; ;1.312;400;5.312;56.5;1.695;125.50%;4178;4.142; ; ; ;2; ;20; ; ; ;Crafted;; 
Shear XR90 (L);Energy Amp;0.8;24; ; ; ;1.779;400;5.779;61.5;1.845;129.53%;3354;4.153; ; ; ;3; ;21; ; ; ;Crafted;9.3.4; 
Sweet Scope Mk I;Scope;1; ;1;0.6;6;0.029; ; ;34; ;2.67 PED; ; ; ; ; ; ; ; ; ; ; ;Crafted;;ROCKtropia
Sweet Scope Mk II;Scope;1; ;2;0.8;12; ; ; ;58;1.74; ; ; ; ; ; ; ; ; ; ; ; ;Crafted;;ROCKtropia
Sweet Scope Mk III;Scope;1; ;4;0.8;16; ; ; ;87;2.61; ; ; ; ; ; ; ; ; ; ; ; ;Crafted;;ROCKtropia
Teenie Weenie Laser Amp Mk II (L);Energy Amp;0.6;7; ; ; ;1.615;0;1.615;25;0.75;120.00%;1502;4.334; ; ; ; ; ;7; ; ; ;Crafted;12.4.1;ROCKtropia
Terrus Laser Sight SE600;Sight;0.6; ;12;0.6; ;0.030;0;0.030;100;3.00;24.86 PED;323334; ; ; ; ; ; ; ; ; ; ;Old time;; 
Terrus Laser Sight SE700;Sight;0.5; ;12.5;0.7; ;0.036;0;0.036;130;3.90;45.01 PED;350278; ; ; ; ; ; ; ; ; ; ;Old time;; 
Terrus Laser Sight SE800;Sight;0.3; ;13;0.7; ;0.037;0;0.037;160;4.80;144.59 PED;419460; ; ; ; ; ; ; ; ; ; ;Old time;; 
Terrus Laser Sight SE900;Sight; ; ;15;0.8; ;0.040;0;0.040;170;5.10;643.44 PED;412251; ; ; ; ; ; ; ; ; ; ;Old time;; 
T-Rap (L);BLP Amp;0.5;4; ; ; ;0.969;0;0.969;16.5;0.495;103.17%;1652;4.128; ; ;1;3; ; ; ; ; ;Looted;9.3.4; 
Xent Tech Light Amplification Crenshaw (L);Energy Amp;0.9;20; ; ; ;1.800;300;4.800;80;2.40; ;4312;4.167; ; ; ; ; ;20; ; ; ;Looted;14.6.1.1; 
Xent Tech Light Amplification Wilshire (L);Energy Amp;0.9;15; ; ; ;1.600;200;3.600;70;2.10; ;4244;4.167; ; ; ; ; ;15; ; ; ;Looted;14.2.1;Planet Cyrene
