A.R.C. Improved First Aid Pack (L); ;FAP;4;22;19.25; ; ;20;3.00;6.42;10;0.30; ;971;1;0;1.000;19.25; ; ; ;;Paramedic;0; ;Yes;Imperium Token;Planet Cyrene;12.6.4
Adapted Vivo Zychion Pro (L); ;FAP; ; ; ; ; ; ; ; ; ; ; ; ; ; ; ; ; ; ; ;;Paramedic; ; ; ;Crafted; ;10.8.2
Cheap A$$ FAP-1(L); ;FAP;3.1;10.3;10.3;7.7; ;24;2.50;4.12;4;2.00; ;201;1;0;1.000;10.30; ; ; ;;Paramedic; ; ; ; ;ROCKtropia;
Chikara Ashvin HR1 (L); ;FAP;4;7;6.13;5.3; ;20;3.00;2.04;4;0.12;98.85%;616;0.63;0;0.630;9.72; ; ; ;;Paramedic;0; ;Yes;Looted;Planet Calypso;11.9.4
Chikara Ashvin HR2 (L); ;FAP;4;13;11.38; ; ;20;3.00;3.79;11;0.33;109.09%;928;1.15;0;1.150;9.89; ; ; ;;Paramedic;1.5; ;Yes;Looted;Planet Calypso;11.9.4
Coover's Personal Nurse; ;FAP;6.1;88;88;16; ;30;2.00;44.00;5000;150.00; ;194001;2.5;0;2.500;35.20; ; ; ;;Paramedic;0;18.77;No;Unique Event Prize;Planet Calypso;
EMT Kit Ek-1000; ;FAP;8;12;12;2; ;20;3.00;4.00;20;0.60;0.62 PED;971;2;0;2.000;6.00; ; ; ;;Paramedic;0;20.85;No;Crafted; ;
EMT Kit Ek-2000; ;FAP;8;20;20;4; ;24;2.50;8.00;40;1.20;0.45 PED;647;6;0;6.000;3.33; ; ; ;;Paramedic;0;16.68;No;Crafted; ;
EMT Kit Ek-2300; ;FAP;8;24;24;4; ;32;1.88;12.80;44;1.32;1.63 PED;712;6;0;6.000;4.00; ; ; ;;Paramedic;0;20.85;No;Crafted; ;
EMT Kit Ek-2350; ;FAP;5;24;24;4; ;41;1.46;16.40;49;1.47;9.07 PED;793;6;0;6.000;4.00; ; ; ;;Paramedic;0;20.85;No;Crafted; ;
EMT Kit Ek-2500; ;FAP;8;30;30;4; ;26;2.31;13.00;60;1.80;2.44 PED;832;7;0;7.000;4.29; ; ; ;;Paramedic;0;27.11;No;Crafted; ;
EMT Kit Ek-2500 Deluxe; ;FAP;13;100;100;10; ;17;3.53;28.33;135;4.05;322.20 PED;73;180;0;180.000;0.56; ; ; ;;Paramedic;0;37.53;No;Crafted; ;
EMT Kit Ek-2550; ;FAP;5;34;34;5; ;33;1.82;18.70;62;1.86;38.37 PED;669;9;0;9.000;3.78; ; ; ;;Paramedic;0;24.19;No;Crafted; ;
EMT Kit Ek-2580; ;FAP;5;30;30;4; ;32;1.88;16.00;72;2.16;127.72 PED;1270;5.5;0;5.500;5.45; ; ; ;;Paramedic;0;27.11;No;Crafted; ;
EMT Kit Ek-2600; ;FAP;8.5;42;42;7; ;27;2.22;18.90;120;3.60;36.51 PED;1294;9;0;9.000;4.67; ; ; ;;Paramedic;0;20.85;No;Crafted; ;
EMT Kit Ek-2700; ;FAP; ;38;38;6; ;30;2.00;19.00;144;4.32; ;1625;8.6;0;8.600;4.42; ; ; ;;Paramedic;0;22.24;No;Crafted; ;
EMT Kit Ek-2900; ;FAP;9;44;44;8; ;29;2.07;21.27;140;4.20;357.77 PED;906;15;0;15.000;2.93; ; ; ;;Paramedic;0;18.77;No;Crafted; ;
GYRO Combat FAP-10 (L); ;FAP;4;16;14;12; ;38;1.58;8.87;31;0.93;106.45%;1502;2.002; ;2.002;6.99; ; ; ;;Paramedic;6; ;Yes;Crafted;Planet Arkadia;12.5.1
GYRO Combat FAP-14 (L); ;FAP;4;23;20.13;17.3; ;38;1.58;12.75;44;1.32;112.50%; ; ; ; ; ; ; ; ;;Paramedic;10; ;Yes;Crafted;Planet Arkadia;12.5.2
GYRO Combat FAP-18 (L); ;FAP;4;27;23.63;20.3; ;38;1.58;14.96;57; ; ; ;3.382;0;3.382;6.99; ; ; ;;Paramedic;14; ;Yes;Crafted;Planet Arkadia;12.5.1
GYRO Combat FAP-2 (L); ;FAP;4;6;5.25;4.5; ;38;1.58;3.33;5;0.15;120.00%;647;0.75; ;0.750;7.00; ; ; ;;Paramedic;0; ;Yes;Crafted;Planet Arkadia;12.5.1
GYRO Combat FAP-26 (L); ;FAP; ; ; ; ; ; ; ; ; ; ; ; ; ; ; ; ; ; ; ;;; ; ; ;Crafted;Planet Arkadia;
GYRO Combat FAP-30 (L); ;FAP; ; ; ; ; ; ; ; ; ; ; ; ; ; ; ; ; ; ; ;;; ; ; ;Crafted;Planet Arkadia;14.1.3
GYRO Combat FAP-35 (L); ;FAP;4;44;38.5; ; ;38;1.58;24.38;109;3.27; ; ; ;0; ; ; ; ; ;;Paramedic;30; ;Yes;Crafted;Planet Arkadia;
GYRO Combat FAP-40 (L); ;FAP; ; ; ; ; ; ; ; ; ; ; ; ; ; ; ; ; ; ; ;;; ; ; ;Crafted;Planet Arkadia;
GYRO Combat FAP-6 (L); ;FAP;4;12;10.5;9; ;38;1.58;6.65;18;0.54;108.33%;1165;1.5;0;1.500;7.00; ; ; ;;Paramedic;2; ;Yes;Crafted;Planet Arkadia;12.5.1
GYRO Combat FAP-65 (L); ;FAP; ; ; ; ; ; ; ; ; ; ; ; ; ; ; ; ; ; ; ;;; ; ; ;Crafted;Planet Arkadia;14.1.3
GYRO FAP Trainer (L); ;FAP;4;8;7;6; ;22;2.73;2.57;1; ; ; ; ;0; ; ; ; ; ;;Paramedic;0; ;Yes;Mission;Planet Arkadia;12.4.2
GYRO FAP-10 (L); ;FAP;4;30;26.25;22.5; ;20;3.00;8.75;35;1.05;118.89%;952;3.568;0;3.568;7.36; ; ; ;;Paramedic;6;9.95;Yes;Looted, Crafted;Planet Arkadia;11.10.2
GYRO FAP-14 (L); ;FAP;4;42;36.75;31.5; ;20;3.00;12.25;50;1.50;106.83%;1319;3.678;0;3.678;9.99; ; ; ;;Paramedic;10; ;Yes;Crafted, Looted;Planet Arkadia;11.10.2
GYRO FAP-14 Smuggler; ;FAP;4;45;39.38;33.8; ;22;2.73;14.44;240;7.20;2050.00 PED;5908;3.941;0;3.941;9.99; ; ; ;;Paramedic;5; ;Yes;Looted;Planet Arkadia;12.1.3
GYRO FAP-18 (L); ;FAP;4;50;43.75;37.5; ;20;3.00;14.58;65;1.95;110.77%;1440;4.381;0;4.381;9.99; ; ; ;;Paramedic;14;18;Yes;Crafted, Looted;Planet Arkadia;11.10.2
GYRO FAP-2 (L); ;FAP;4;10;8.75;7.5; ;20;3.00;2.92;5;0.15;101.56%;555;0.875;0;0.875;10.00; ; ; ;;Paramedic;0; ;Yes;Crafted, TT, Looted;Planet Arkadia;11.10.2
GYRO FAP-2 Smuggler; ;FAP; ;20;17.5;15; ;22;2.73;6.42;100;3.00;500.00 PED;5537;1.752;0;1.752;9.99; ; ; ;;Paramedic;0; ;Yes;Event, Looted;Planet Arkadia;12.1.3
GYRO FAP-22 (L); ;FAP;4;58;50.75;43.5; ;20;3.00;16.92;80;2.40;109.00%;1527;5.084;0;5.084;9.98; ; ; ;;Paramedic;18;22;Yes;Crafted, Looted;Planet Arkadia;
GYRO FAP-26 (L); ;FAP;4;66;57.75;49.5; ;20;3.00;19.25;95;2.85;108.48%;1593;5.786;0;5.786;9.98; ; ; ;;Paramedic;22;26;Yes;Crafted, Looted;Planet Arkadia;11.10.2
GYRO FAP-30 (L); ;FAP;4;74;64.75;18.5; ;20;3.00;21.58;110;3.23;108.21%;1646;6.488;0;6.488;9.98; ; ; ;;Paramedic;26;30;Yes;Crafted, Looted;Planet Arkadia;11.10.2
GYRO FAP-30 Smuggler; ;FAP;4;72;63;54; ;22;2.73;23.10;400;12.00; ;6147;6.313;0;6.313;9.98; ; ; ;;Paramedic;10; ;Yes;Event;Planet Arkadia;12.1.3
GYRO FAP-35 (L);30;FAP;4;82;71.75;61.5; ;20;3.00;23.92;125; ;108.12%; ;7.191; ;7.191;9.98; ; ; ;;Paramedic;30;35;Yes;Crafted, Looted;Planet Arkadia;Planet Arkadia 2011.7
GYRO FAP-40 (L); ;FAP;4;89;77.88;66.8; ;20;3.00;25.96;140; ;103.16%; ;7.807;0;7.807;9.98; ; ; ;;Paramedic;35; ;Yes;Crafted, Looted;Planet Arkadia;12.3.1
GYRO FAP-45 (L); ;FAP;4;96;84;72; ;20;3.00;28.00;155; ;105.71%; ; ; ; ; ; ; ; ;;Paramedic;40; ;Yes;Crafted, Looted;Planet Arkadia;12.3.1
GYRO FAP-50 (L); ;FAP;4;102;89.25;76.5; ;20;3.00;29.75;170;5.10;106.02%; ; ;0; ; ; ; ; ;;Paramedic;45; ;Yes;Crafted, Looted;Planet Arkadia;12.3.1
GYRO FAP-50 Smuggler; ;FAP;4;95;83.13;71.3; ;22;2.73;30.48;560;16.80; ;6514;8.339;0;8.339;9.97; ; ; ;;Paramedic;15; ;Yes;Event;Planet Arkadia;
GYRO FAP-55 (L); ;FAP;4;108;94.5;81; ;20;3.00;31.50;185; ; ; ;9.484;0;9.484;9.96; ; ; ;;Paramedic;50; ;Yes;Crafted;Planet Arkadia;12.3.1
GYRO FAP-6 (L); ;FAP;4;22;19.25;16.5; ;20;3.00;6.42;20;0.60;104.94%;1009;1.923;0;1.923;10.01; ; ; ;;Paramedic;2; ;Yes;Crafted, Looted;Planet Arkadia;11.10.2
GYRO FAP-60 (L); ;FAP;4;114;99.75;85.5; ;20;3.00;33.25;200; ; ; ; ; ; ; ; ; ; ;;Paramedic;55; ;Yes;Looted;Planet Arkadia;12.3.1
H.E.A.R.T. M1 (L); ;FAP;3.5;28;24.5;21; ;19;3.16;7.76;35;1.05; ;1359;2.5; ;2.500;9.80; ; ; ;;Paramedic;6; ;Yes; ; ;
H.E.A.R.T. M7 (L); ;FAP;3.5;41;35.88;30.8; ;20;3.00;11.96;50; ; ; ; ; ; ; ; ; ; ;;Paramedic;12; ;Yes;Looted;Planet Cyrene;
Hedoc Adventurer; ;FAP;3.9;165.7;144.99; ; ;20;3.00;48.33;19992.2;9996.10;1.72 PED; ; ;0; ; ; ; ; ;;Paramedic;93;99;Yes;Looted; ;11.0.9
Hedoc Adventurer (L); ;FAP;3.9;165.7;144.99;124.3; ;20;3.00;48.33;248.5;7.455;111.05%; ; ;0; ; ; ; ; ;;Paramedic;93;99;Yes;Looted; ;
Hedoc Adventurer (L) Adjusted; ;FAP;3.9;145;126.88;108.7; ;24;2.50;50.75;372.75;11.1825; ; ; ; ; ; ; ; ; ;;Paramedic;93; ;Yes;Looted; ;
Hedoc M-450; ;FAP;3.9;114.3;100.01;85.7; ;20;3.00;33.34;12223.2;6111.60; ; ; ;0; ; ; ; ; ;;Paramedic;48; ;Yes;Looted; ;
Hedoc M-450 (L); ;FAP;3.9;114.3;100.01;85.7; ;20;3.00;33.34;148.1;4.443;110.49%; ; ;0; ; ; ; ; ;;Paramedic;48;54;Yes;Looted; ;
Hedoc M-450 (L) Adjusted; ;FAP;3.9;100;87.5;75; ;24;2.50;35.00;222.15;6.6645;108.33%;2340;9.21;0;9.210;9.50; ; ; ;;Paramedic;48; ;Yes;Looted; ;
Hedoc M-450 Adjusted; ;FAP;3.9;100;87.5; ; ;24;2.50;35.00;18779;9389.50; ;101927;9.212;0;9.212;9.50; ; ; ;;Paramedic;48; ;Yes;Looted; ;
Hedoc M-600; ;FAP; ;145.7;127.49;109.3; ;20;3.00;42.50;18500;9250.00; ;68922;13.421;0;13.421;9.50; ; ; ;;Paramedic;73;79;Yes;Looted;Planet Calypso;10.8.0
Hedoc M-600 (L); ;FAP;3.9;145.7;127.49;109.3; ;20;3.00;42.50;208.2;6.246;103.16%;1505;13.421;0;13.421;9.50; ; ; ;;Paramedic;73;79;Yes;Looted; ;
Hedoc M-600 (L) Adjusted; ;FAP; ;127.5;111.56;95.6; ;24;2.50;44.63;312.3;9.369;100.17%; ; ;0; ; ; ; ; ;;Paramedic;73;79;Yes;Looted; ;
Hedoc M-600 Adjusted; ;FAP;3.9;127.5;111.56;95.6; ;24;2.50;44.63;19606.8;9803.41; ;83483;11.743;0;11.743;9.50; ; ; ;;Paramedic;73; ;Yes;Looted; ;10.3
Hedoc Mayhem; ;FAP;3.1;50;43.75;37.5; ;28;2.14;20.42;40;20.00; ;374;5.35;0;5.350;8.18; ; ; ;;Paramedic;16;23;Yes;Merry Mayhem;Planet Calypso;12.10.1
Hedoc Mayhem Adjusted; ;FAP;3.1;53;46.38;39.8; ;35;1.71;27.05;50;1.50; ;971;5;0;5.000;9.27; ; ; ;;Paramedic;18;22;Yes;Merry Mayhem;Planet Calypso;12.10.1
Hedoc Mayhem Improved; ;FAP;3.1;124;108.5;93; ;38;1.58;68.72;60;30.00; ;376;8;0;8.000;13.56; ; ; ;;Paramedic;26;30;Yes;Merry Mayhem;Planet Calypso;12.10.1
Hedoc Mayhem Modified; ;FAP;3.1;166;145.25;124.5; ;40;1.50;96.83;70;35.00; ;438;8;0;8.000;18.16; ; ; ;;Paramedic;33;38;Yes;Merry Mayhem;Planet Calypso;
Hedoc SK-120 (L); ;FAP;4;98;85.75;73.5; ;20;3.00;28.58;117.5;3.525;150.00%;1264;9.023;0;9.023;9.50; ; ; ;;Paramedic;36;41;Yes;Looted; ;9.3.6
Hedoc SK-20; ;FAP;4.1;34.3;30.01;25.7; ;20;3.00;10.00;750.25;375.125;891.17 PED;11875;3.159;0;3.159;9.50; ; ; ;;Paramedic;6;11;Yes;Looted; ;
Hedoc SK-20 (L); ;FAP;4.1;34.3;30.01;25.7; ;20;3.00;10.00;34.8;1.044;106.99%;1069;3.159;0;3.159;9.50; ; ; ;;Paramedic;6;11;Yes;Looted; ;
Hedoc SK-20 (L) Adjusted; ;FAP;4.1;30;26.25;22.5; ;24;2.50;10.50;52.2;1.566;126.44%;1832;2.764;0;2.764;9.50; ; ; ;;Paramedic;6;11;Yes;Looted; ;
Hedoc SK-20 Adjusted; ;FAP;4.1;30;26.25;22.5; ;24;2.50;10.50;1280.1;640.05;1907.82 PED;23157;2.764;0;2.764;9.50; ; ; ;;Paramedic;6;11;Yes;Looted; ;
Hedoc SK-20 Adjusted, SGA Edition; ;FAP; ;35;30.63;26.3; ;26;2.31;13.27;128;3.84; ;3763;3.3;0;3.300;9.28; ; ; ;;Paramedic; ; ;Yes;Looted; ;
Hedoc SK-50; ;FAP;3.9;69;60.38;51.8; ;20;3.00;20.13;4056.44;2028.22; ; ; ;0; ; ; ; ; ;;Paramedic;20;25;Yes;Looted; ;9.3.8
Hedoc SK-50 (L); ;FAP;3.9;69;60.38;51.8; ;20;3.00;20.13;75;2.25;117.60%;1145;6.355;0;6.355;9.50; ; ; ;;Paramedic;20;25;Yes;Looted; ;
Hedoc SK-50 (L) Adjusted; ;FAP; ;60.4;52.85;45.3; ;24;2.50;21.14;112.5;3.375;129.80%;1963;5.56;0;5.560;9.51; ; ; ;;Paramedic;20;25;Yes;Looted; ;
Hedoc SK-50 Adjusted; ;FAP;3.9;60.4;52.85;45.3; ;24;2.50;21.14;6787.59;3393.79;6983.76 PED;61040;5.56;0;5.560;9.51; ; ; ;;Paramedic;20;25;Yes;Looted; ;
Hedoc SK-50 Adjusted, SGA Edition; ;FAP;3.9;60.4;52.85;45.3; ;26;2.31;22.90;232;116.00; ;2086;5.561;0;5.561;9.50; ; ; ;;Paramedic;20;25;Yes;Event; ;
Hedoc SK-80; ;FAP;3.9;91.4;79.97;68.6; ;20;3.00;26.66;7555.81;3777.90; ;44869;8.42;0;8.420;9.50; ; ; ;;Paramedic;32;37;Yes;Looted; ;10.8.4
Hedoc SK-80 (L); ;FAP; ;91.4;79.97;68.6; ;20;3.00;26.66;107.5;3.225;133.42%;1239;8.422;0;8.422;9.50; ; ; ;;Paramedic;32;37;Yes;Looted; ;
Hedoc SK-80 (L) Adjusted; ;FAP; ;80;70;60; ;24;2.50;28.00;161.25;4.8375;134.94%; ; ; ; ; ; ; ; ;;Paramedic;32;37;Yes;Looted; ;
Hedoc SK-80 Adjusted; ;FAP;3.9;80;70;60; ;24;2.50;28.00;12600.4; ;35000.00 PED; ;7.368;0;7.368;9.50; ; ; ;;Paramedic;32;37;Yes;Event, Looted; ;
Herb Box;0;FAP;0.5;15;13.13;11.3; ;30;2.00;6.56;5;0.15;1.00 PED;372;1.305;0;1.305;10.06; ; ; ;;Paramedic;1;2.2;Yes;TT, Looted;Next Island (Ancient Greece);11.7.2
Medkit (L);0;FAP;0;12;12;3; ;30;2.00;6.00;0.5;0.015;100.00%;98;0.5;0;0.500;24.00; ; ; ;;Paramedic;0;13;No;Mission TT, Looted;Hunt The THING;
NEVERDIE FA Series 001 (L); ;FAP;8.5;42;36.75;31.5; ;27;2.22;16.54;110; ; ; ;9.307;0;9.307;3.95; ; ; ;;Paramedic;15; ;Yes;Looted;ROCKtropia;11.3.6
NEVERDIE FA Series 002 (L); ;FAP;8.3;46;40.25;34.5; ;27;2.22;18.11;123; ; ; ;10.331;0;10.331;3.90; ; ; ;;Paramedic;17; ;Yes;Looted;ROCKtropia;
NEVERDIE FA Series 003 (L); ;FAP;8.1;51;44.63;38.3; ;27;2.22;20.08;132;3.96; ; ; ;0; ; ; ; ; ;;Paramedic;20; ;Yes;Looted;ROCKtropia;11.3.6
NEVERDIE FA Series 004 (L); ;FAP;8.2;56;49;42; ;27;2.22;22.05;145;4.35; ; ; ; ; ; ; ; ; ;;Paramedic;23; ;Yes;Looted;ROCKtropia;
NEVERDIE HK Series 001 (L); ;FAP;4;9;7.88;6.8; ;24;2.50;3.15;9;0.27; ;1019;0.857;0;0.857;9.19; ; ; ;;Paramedic;0; ;Yes;Looted;ROCKtropia;11.3.6
NEVERDIE HK Series 002 (L); ;FAP;4.1;13;11.38;9.8; ;24;2.50;4.55;12.5; ; ; ; ; ; ; ; ; ; ;;Paramedic;1; ;Yes;Looted;ROCKtropia;12.0.6
NEVERDIE HK Series 003 (L); ;FAP;4;16;14;12; ;24;2.50;5.60;16; ; ; ; ; ; ; ; ; ; ;;Paramedic;2; ;Yes;Looted;ROCKtropia;12.0.6
NEVERDIE HK Series 004 (L); ;FAP;4.1;20;17.5;15; ;24;2.50;7.00;19.5;0.585; ; ; ; ; ; ; ; ; ;;Paramedic;3; ;Yes;Looted;ROCKtropia;12.0.6
NEVERDIE HK Series 005 (L); ;FAP;4.2;23;20.13;17.3; ;24;2.50;8.05;21.5;0.645; ;954;2.187;0;2.187;9.20; ; ; ;;Paramedic;5; ;Yes;Looted;ROCKtropia;12.0.6
NEVERDIE HK Series 006 (L); ;FAP;4.1;27;23.63;20.3; ;24;2.50;9.45;26; ; ; ;2.431;0;2.431;9.72; ; ; ;;Paramedic;8; ;Yes;Looted;ROCKtropia;12.0.6
NEVERDIE HK Series 007 (L); ;FAP;4;30;26.25;22.5; ;24;2.50;10.50;30; ; ; ; ; ; ; ; ; ; ;;Paramedic;11; ;Yes;Looted;ROCKtropia;12.0.6
NEVERDIE HK Series 008 (L); ;FAP;4.2;40;35;30; ;24;2.50;14.00;41; ;117.00%; ;3.81;0;3.810;9.19; ; ; ;;Paramedic;14; ;Yes;Looted;ROCKtropia;12.1.2
NEVERDIE HK Series 009 (L); ;FAP;4.3;50;43.75;12.5; ;24;2.50;17.50;51.5;1.545;107.00%;1103;4.53;0;4.530;9.66; ; ; ;;Paramedic;17; ;Yes;Looted;ROCKtropia;12.1.1
NEVERDIE HK Series 010 (L); ;FAP;3.9;60;52.5;45; ;24;2.50;21.00;57;1.71;106.00%;1043;5.303;0;5.303;9.90; ; ; ;;Paramedic;20;25;Yes;Looted;ROCKtropia;12.0.6
NEVERDIE LS Series 001 (L);0;FAP;4.2;50;43.75;37.5; ;30;2.00;21.88;25; ; ; ;90;0;90.000;0.49; ; ; ;;Paramedic;0; ;Yes;Crafted, Looted;ROCKtropia;12.4.1
NEVERDIE LS Series 002 (L); ;FAP;4.1;55;48.13;41.3; ;32;1.88;25.67;27; ; ; ; ; ; ; ; ; ; ;;Paramedic;1; ;Yes;Crafted;ROCKtropia;12.4.1
NEVERDIE LS Series 003 (L); ;FAP; ; ; ; ; ; ; ; ; ; ; ; ; ;0; ; ; ; ; ;;Paramedic; ; ;Yes;Crafted;ROCKtropia;12.5.1
NEVERDIE LS Series 004 (L);3;FAP;4.2;66;57.75; ; ;36;1.67;34.65;31;0.93; ;26;120;0;120.000;0.48; ; ; ;;Paramedic;3; ;Yes;Crafted;ROCKtropia;12.4.1
NEVERDIE LS Series 005 (L);3;FAP;4.3;72;63; ; ;39;1.54;40.95;33; ; ; ; ; ; ; ; ; ; ;;Paramedic;3; ;Yes;Crafted;ROCKtropia;12.4.1
NEVERDIE LS Series 008 (L); ;FAP;4.1;89;77.88;66.8; ;49;1.22;63.60;39; ; ; ; ; ; ; ; ; ; ;;Paramedic;7; ;Yes;Looted;ROCKtropia;12.0.6
NEVERDIE LS Series 009 (L); ;FAP;4;94;82.25;70.5; ;54;1.11;74.03;41; ; ; ; ; ; ; ; ; ; ;;Paramedic;8; ;Yes;Looted;ROCKtropia;12.0.6
NEVERDIE LS Series 010 (L); ;FAP;4.1;100;87.5;75; ;60;1.00;87.50;43; ; ; ; ; ; ; ; ; ; ;;Paramedic;10; ;Yes;Looted;ROCKtropia;12.0.6
NEVERDIE XMAS F.A.P; ;FAP;4;7;6.13;5.3; ;50;1.20;5.10;2;0.92;39.52 PED;10;12;0;12.000;0.51; ; ; ;;Paramedic;0; ;Yes;Xmas Gift 2011;ROCKtropia;
O.S. F.A.P. M7 (L); ;FAP;3.5;54;47.25;40.5; ;20;3.00;15.75;200;6.00; ;1299;14.943; ;14.943;3.16; ; ; ;;Paramedic;8; ;Yes;Looted; ;
Official Medical Kit; ;FAP;1;250;250;187.5; ;120;0.50;500.00; ; ; ; ; ; ; ; ; ; ; ;;Paramedic;0; ; ;MA Owned;Planet Calypso;12.5.7
Omegaton Fast Aid FAP-10; ;FAP;5;16;16;3; ;24;2.50;6.40;30;0.90;0.26 PED;971;3;0;3.000;5.33; ; ; ;;Paramedic;0;18.07;No;Looted; ;
Omegaton Fast Aid FAP-110; ;FAP;5;44;44;8; ;25;2.40;18.33;126;3.78;2600.00 PED;1528;8;0;8.000;5.50; ; ; ;;Paramedic;0;18.77;No;Looted; ;
Omegaton Fast Aid FAP-15; ;FAP;5;16;16;3; ;25;2.40;6.67;33;0.99;0.29 PED;971;3.3;0;3.300;4.85; ; ; ;;Paramedic;0;18.07;No;Looted; ;
Omegaton Fast Aid FAP-18; ;FAP;5;26;26;3; ;21;2.86;9.10;35;1.05;0.46 PED;708;4.8;0;4.800;5.42; ; ; ;;Paramedic;0;31.97;No;Looted; ;
Omegaton Fast Aid FAP-18, SGA Edition; ;FAP;5;28;28;3; ;21;2.86;9.80;35;1.05;17.36 PED;657;5.169;0;5.169;5.42; ; ; ;;Paramedic;0;34.75;No;Looted; ;10.0.12
Omegaton Fast Aid FAP-28; ;FAP;5;20;20;3; ;24;2.50;8.00;40;1.20;0.27 PED;1109;3.5;0;3.500;5.71; ; ; ;;Paramedic;0;23.63;No;Looted; ;
Omegaton Fast Aid FAP-35; ;FAP;5;16;16;3; ;29;2.07;7.73;41;1.23;0.35 PED;1047;3.8;0;3.800;4.21; ; ; ;;Paramedic;0;18.07;No;Looted; ;
Omegaton Fast Aid FAP-5; ;FAP;5;10;10;1; ;20;3.00;3.33;15;0.45;0.16 PED;1456;1;0;1.000;10.00; ; ; ;;Paramedic;0;37.53;No;Looted, was in TT; ;
Omegaton Fast Aid FAP-50; ;FAP;5;26;26;3; ;24;2.50;10.40;50;1.50;0.83 PED;1213;4;0;4.000;6.50; ; ; ;;Paramedic;0;31.97;No;Looted; ;
Omegaton Fast Aid FAP-50, SGA Edition; ;FAP;5;26;26;3; ;26;2.31;11.27;50;1.50;43.33 PED;1213;4;0;4.000;6.50; ; ; ;;Paramedic;0;31.97;No;Looted; ;10.0.12
Omegaton Fast Aid FAP-69; ;FAP;4;30;30;3; ;29;2.07;14.50;69;2.07;272.40 PED;1339;5;0;5.000;6.00; ; ; ;;Paramedic;0;37.53;No;Looted; ;
Omegaton Fast Aid FAP-69, SGA Edition; ;FAP;4;43;43;3; ;30;2.00;21.50;69;2.07;9500.00 PED;1395;4.8;0;4.800;8.96; ; ; ;;Paramedic;0;55.6;No;Looted; ;10.0.12
Omegaton Fast Aid FAP-80; ;FAP;4;32;32;5; ;27;2.22;14.40;92;2.76;3.34 PED;1488;6;0;6.000;5.33; ; ; ;;Paramedic;0;22.52;No;Looted; ;
Omegaton Fast Aid FAP-83; ;FAP;5;26;26;3; ;35;1.71;15.17;101;3.03;21.50 PED;1114;8.8;0;8.800;2.95; ; ; ;;Paramedic;0;31.97;No;Looted; ;
Omegaton Fast Aid FAP-90; ;FAP;4;40;40;7; ;27;2.22;18.00;120;3.60;166.18 PED;1663;7;0;7.000;5.71; ; ; ;;Paramedic;0;19.66;No;Looted; ;
Omegaton Fast Aid Pack Adjusted; ;FAP;4;50;50;8; ;26;2.31;21.67;230;6.90;20000.00 PED;11156;2;0;2.000;25.00; ; ; ;;Paramedic;0;21.89;No;Looted; ;
Omegaton Fast Aid Pack Improved; ;FAP;3;120;120;20; ;29;2.07;58.00;280;8.40;100000.00 PED;13581;2;0;2.000;60.00; ; ; ;;Paramedic;0;20.85;No;Looted; ;
Omegaton Fast Aid Pack Improved, SGA Edition; ;FAP;3;125;125;20; ;30;2.00;62.50;280;8.40;120000.00 PED;13039;2.083;0;2.083;60.01; ; ; ;;Paramedic;0;21.89;No;Looted; ;10.0.12
Omegaton Fast Aid Pack Modified; ;FAP;2;160;160;60; ;30;2.00;80.00;330;9.90;140000.00 PED;32011;1;0;1.000;160.00; ; ; ;;Paramedic;0;6.95;No;Looted; ;
Omegaton Fast Aid Pack Modified, SGA Edition; ;FAP;2;171;171;60; ;27;2.22;76.95;330;9.90; ;32011;1;0;1.000;171.00; ; ; ;;Paramedic;0;7.71;No;Looted; ;
S.I. First Aid Pack;0;FAP;4;18;18;18; ;20;3.00;6.00;9; ; ; ;5.999;0;5.999;3.00; ; ; ;;Paramedic;0; ;No;Cyrene TT;Planet Cyrene;
S.I. H.E.A.R.T.; ;FAP;3.5;14;14;1;4;19;3.16;4.43;9;0.27; ;971;0.9;0;0.900;15.56; ; ; ;;Paramedic;0;15.2;No;Cyrene TT;Planet Cyrene;12.6.4
Vivo Explorer (L); ;FAP;4;10.3;9.01;7.7; ;32;1.88;4.81;0.05;0.0015; ;98;0.05;0;0.050;180.25; ; ; ;;Paramedic;0; ;Yes;Mission;Planet Calypso;12.7.2
Vivo Neo (L); ;FAP;4.1;160;140;120; ;20;3.00;46.67;224;6.72;102.20%; ; ;0; ; ; ; ; ;;Paramedic;87; ;Yes;Crafted; ;
Vivo Neo (L) Adapted; ;FAP;4.1;140;122.5;105; ;24;2.50;49.00;336;10.08;100.52%; ; ;0; ; ; ; ; ;;Paramedic;87; ;Yes;Crafted; ;9.2.1
Vivo Oxy1500 (L); ;FAP;4;125.7;109.99; ; ;20;3.00;36.66;162.5;4.875;104.46%; ; ; ; ; ; ; ; ;;Paramedic;56;62;Yes;Crafted; ;
Vivo Oxy1500 (L) Adapted; ;FAP;4;110;96.25; ; ;24;2.50;38.50;243.75;7.3125;109.42%; ; ;0; ; ; ; ; ;;Paramedic;56;62;Yes;Crafted; ;
Vivo Oxy2000 (L); ;FAP;4;135;118.13;101.3; ;20;3.00;39.38;178.4;5.352;101.22%; ; ;0; ; ; ; ; ;;Paramedic;64;70;Yes;Crafted; ;
Vivo Oxy2000 (L) Adapted; ;FAP;4;118.13;103.36;88.6; ;24;2.50;41.35;276.6;8.298;100.99%;2596;10.336;0;10.336;10.00; ; ; ;;Paramedic;64;70;Yes;Crafted; ;
Vivo Oxy2500 (L); ;FAP;4;153;133.88;114.8; ;20;3.00;44.63;211.5;6.345;109.97%; ; ;0; ; ; ; ; ;;Paramedic;80;86;Yes;Crafted; ;
Vivo Oxy2500 (L) Adapted; ;FAP;4;133.88;117.15;100.4; ;24;2.50;46.86;317.25;9.5175;100.82%;2628;11.713;0;11.713;10.00; ; ; ;;Paramedic;80;86;Yes;Crafted; ;
Vivo Oxy2500, SGA Edition (L); ;FAP;4;153;133.88;114.8; ;20;3.00;44.63;211.5;6.345;154.90%; ; ;0; ; ; ; ; ;;Paramedic;40; ;Yes;Crafted; ;10.0.14
Vivo Survivor (L); ;FAP;4;175;153.13;131.3; ;20;3.00;51.04;254.5;7.635;100.76%; ; ; ; ; ; ; ; ;;Paramedic;102; ;Yes;Crafted; ;
Vivo Survivor (L) Adapted; ;FAP; ;153.1;133.96; ; ;24;2.50;53.59; ; ; ; ; ;0; ; ; ; ; ;;Paramedic;102; ;Yes;Crafted; ;11.4.5
Vivo T1; ;FAP;4;10.3;9.01;7.7; ;20;3.00;3.00;9;0.27;0.00 PED;967;0.903;0;0.903;9.98; ; ; ;;Paramedic;0;1.2;Yes;TT; ;
Vivo T10; ;FAP;4;25;21.88;18.8; ;20;3.00;7.29;300.02;150.01; ;6819;2.2;0;2.200;9.94; ; ; ;;Paramedic;3;6;Yes;Crafted; ;
Vivo T10 (L); ;FAP;4;25;21.88;18.8; ;20;3.00;7.29;23.5;0.705;114.89%;1043;2.187;0;2.187;10.00; ; ; ;;Paramedic;3;6;Yes;Crafted; ;
Vivo T10 (L) Adapted; ;FAP;4;21.9;19.16;16.4; ;24;2.50;7.66;35.25;1.0575;121.99%;1783;1.918;0;1.918;9.99; ; ; ;;Paramedic;3;6;Yes;Crafted; ;
Vivo T10 Improved;12;FAP;1.8;20;17.5;15;5;30;2.00;8.75;300;9.00;2000.00 PED;24250;1.2;0;1.200;14.58; ; ; ;;Paramedic;12;26;Yes;Looted; ;12.8.2
Vivo T15; ;FAP;4.2;49;42.88;36.8; ;20;3.00;14.29;1838.56;919.28;2821.13 PED;21444;4.287;0;4.287;10.00; ; ; ;;Paramedic;11;15;Yes;Crafted; ;
Vivo T15 (L); ;FAP;4.2;49;42.88;36.8; ;20;3.00;14.29;48.45;1.4535;110.76%;1097;4.287;0;4.287;10.00; ; ; ;;Paramedic;11;15;Yes;Crafted; ;
Vivo T15 (L) Adapted; ;FAP;4.2;42.9;37.54;32.2; ;24;2.50;15.02;72.67;2.18;112.84%;1880;3.751;0;3.751;10.01; ; ; ;;Paramedic;11;15;Yes;Crafted; ;
Vivo T15 Adapted; ;FAP;4.2;42.9;37.54;32.2; ;24;2.50;15.02;3096.79;1548.40;2585.19 PED;41280;3.751;0;3.751;10.01; ; ; ;;Paramedic;11;15;Yes;Crafted; ;9.4.4
Vivo T15, SGA Edition (L) Adapted; ;FAP;4.2; ; ; ; ; ; ; ;72.67;2.18;151.35%; ; ; ; ; ; ; ; ;;Paramedic; ; ;Yes;Crafted; ;
Vivo T20; ;FAP;4.1;57.1;49.96;42.9; ;20;3.00;16.65;2638.58; ;3000.00 PED; ;5.001;0;5.001;9.99; ; ; ;;Paramedic;15;20;Yes; ;Planet Calypso;12.4.1
Vivo T20 (L); ;FAP;4.1;57.1;49.96;42.9; ;20;3.00;16.65;57.9;1.737;109.56%;1124;5.001;0;5.001;9.99; ; ; ;;Paramedic;15;20;Yes;Crafted; ;
Vivo T20 (L) Adapted; ;FAP;4.1;50;43.75;37.5; ;24;2.50;17.50;86.85;2.6055;117.41%;1926;4.375;0;4.375;10.00; ; ; ;;Paramedic;15;20;Yes;Crafted; ;
Vivo T5; ;FAP; ;18.3;16.01;13.7; ;20;3.00;5.34;0; ; ; ; ; ; ; ; ; ; ;;Paramedic;1;3.5;Yes;Crafted; ;
Vivo T5 (L); ;FAP;4.1;18.3;16.01;13.7; ;20;3.00;5.34;16.8;0.504;113.10%;1015;1.607;0;1.607;9.96; ; ; ;;Paramedic;1;3;Yes;Crafted; ;
Vivo T5 (L) Adapted; ;FAP;4.1;16;14;12; ;24;2.50;5.60;25.2;0.756;115.08%;1739;1.406;0;1.406;9.96; ; ; ;;Paramedic;1;3.5;Yes;Crafted; ;
Vivo T5 Adapted; ;FAP;4.1;16;14;12; ;24;2.50;5.60;168.17;84.085;820.83 PED;5981;1.406;0;1.406;9.96; ; ; ;;Paramedic;1; ;Yes;Crafted; ;9.3.8
Vivo UR125 (L); ;FAP;4;80;70;60; ;20;3.00;23.33;85.1;2.553;124.50%;1180;7.001;0;7.001;10.00; ; ; ;;Paramedic;25;30;Yes;Crafted; ;
Vivo UR125 (L) Adapted; ;FAP;4;70;61.25;52.5; ;24;2.50;24.50;127.65;3.8295;200.00%;2022;6.125;0;6.125;10.00; ; ; ;;Paramedic;25;30;Yes;Crafted; ;
Vivo UR150 (L); ;FAP;3.9;84.9;74.29;63.7; ;20;3.00;24.76;93;2.79;123.15%;1215;7.429;0;7.429;10.00; ; ; ;;Paramedic;28;33;Yes;Crafted; ;9.3.6
Vivo UR175 (L); ;FAP;4;102.9;90.04;77.1; ;20;3.00;30.01;120.65;3.6195;114.41%;1301;9.001;0;9.001;10.00; ; ; ;;Paramedic;39;44;Yes;Crafted; ;
Vivo UR175 (L) Adapted; ;FAP;4;90;78.75;67.5; ;24;2.50;31.50;180.975;5.42925;115.17%;2230;7.875;0;7.875;10.00; ; ; ;;Paramedic;39;44;Yes;Crafted; ;
Vivo UR200 (L); ;FAP;4;109;95.38;81.8; ;20;3.00;31.79;128.75;3.8625;115.81%;1310;9.537;0;9.537;10.00; ; ; ;;Paramedic;44;50;Yes;Crafted; ;
Vivo UR200 (L) Adapted; ;FAP;4;95.4;83.47;71.5; ;24;2.50;33.39;193.12;5.7936;120.09%; ; ; ; ; ; ; ; ;;Paramedic;44;50;Yes;Crafted; ;
Vivo UR225 (L); ;FAP;4;109;95.38;81.8; ;20;3.00;31.79;128.75;3.8625; ;1315;9.5;0;9.500;10.04; ; ; ;;Paramedic;44;50;Yes;Crafted; ;
Vivo Zychion Pro (L); ;FAP;4;181.4;158.72;136.1; ;20;3.00;52.91;271.5;8.145;107.92%;1659;15.875;0;15.875;10.00; ; ; ;;Paramedic;109; ;Yes;Crafted; ;
First Gen Resurrect Chip VIII;8;Mindforce;1; ; ; ;5;2;30.00; ;181;5.43;23110.60 PED;3377;5.2;10300;108.200; ;11;20;II;Mind Essence;Biotropic;14; ;No;Looted; ;
Official Regeneration Chip;11;Mindforce;0.2;350;350;262.5;200;61;0.98;355.83;27;0.81; ; ; ;100; ; ; ; ; ;Synthetic Mind Essence;Biotropic;22; ;No;MA Owned;Planet Calypso;12.6.3+
Official Regeneration Field Chip;8;Mindforce;0.2;1995;1745.63;1496.3;170;15;4.00;436.41;34; ; ; ; ;100; ; ;1;3;IV;Light Mind Essence;Biotropic; ;53;Yes;MA Owned; ;
Official Resurrection Chip;8;Mindforce;1; ; ; ;5;15;4.00; ; ; ; ; ; ;100; ; ;2;2;II;Mind Essence;Biotropic;14; ;No;MA Only;Planet Calypso;12.6.3+
Regeneration Chip I;1;Mindforce;0.2;16;14;12;8;22;2.73;5.13;15;0.45;8.71 PED;2044;0.712;107;1.782;7.86; ; ; ;Synthetic Mind Essence;Biotropic;0;3;Yes;Looted; ;
Regeneration Chip I (L);1;Mindforce;0.2;16;14;12;8;22;2.73;5.13;7;0.21;103.92%;1005;0.676;102;1.696;8.25; ; ; ;Synthetic Mind Essence;Biotropic;0;3;Yes;Looted; ;
Regeneration Chip II;2;Mindforce;0.2;24;21;18;9;22;2.73;7.70;30;0.90;11.10 PED;2725;1.068;160;2.668;7.87; ; ; ;Synthetic Mind Essence;Biotropic;0;4;Yes;Looted; ;
Regeneration Chip II (L);2;Mindforce;0.2;24;21;18;9;22;2.73;7.70;11;0.33;103.94%;1052;1.015;152;2.535;8.28; ; ; ;Synthetic Mind Essence;Biotropic;0;4;Yes;Looted; ;
Regeneration Chip III;3;Mindforce;0.2;32;28;24;10;22;2.73;10.27;35;1.05;26.74 PED;2391;1.42;213;3.550;7.89; ; ; ;Synthetic Mind Essence;Biotropic;0;5;Yes;Looted; ;
Regeneration Chip III (L);3;Mindforce;0.2;32;28;24;10;22;2.73;10.27;14.5; ;104.35%; ;1.349;202;3.369;8.31; ; ; ;Synthetic Mind Essence;Biotropic;0;5;Yes;Looted; ;
Regeneration Chip IV;4;Mindforce;0.2;38;33.25;28.5;11;22;2.73;12.19;37;1.11;397.34 PED;2124;1.69;254;4.230;7.86; ; ; ;Synthetic Mind Essence;Biotropic;3.8;9;Yes;Looted; ;
Regeneration Chip IV (L);4;Mindforce;0.2;38;33.25;28.5;11;22;2.73;12.19;18.5;0.555;107.00%;1141;1.574;241;3.984;8.35; ; ; ;Synthetic Mind Essence;Biotropic;3.8; ;Yes;Looted; ;
Regeneration Chip V;5;Mindforce;0.2;44;38.5;33;13;22;2.73;14.12;49;1.47;581.99 PED;2430;1.956;293;4.886;7.88; ; ; ;Synthetic Mind Essence;Biotropic;6.4;11;Yes;Looted; ;
Regeneration Chip V (L);5;Mindforce;0.2;44;38.5;33;13;22;2.73;14.12;20.5;0.615;106.94%;1071;1.858;278;4.638;8.30; ; ; ;Synthetic Mind Essence;Biotropic;6.4; ;Yes;Looted; ;12.7.0
Regeneration Chip VI;6;Mindforce;0.2;50;43.75;37.5;14;22;2.73;16.04;58;1.74;2000.00 PED;2535;2.22;333;5.550;7.88; ; ; ;Synthetic Mind Essence;Biotropic;8.9; ;Yes;Looted; ;
Regeneration Chip VI (L); ;Mindforce;0.2;50;43.75;34.3;14;22;2.73;16.04;22.5; ;110.86%; ;2.067;316;5.227;8.37; ; ; ;Synthetic Mind Essence;Biotropic;8.9; ;Yes;Looted; ;12.7.0
Regeneration Chip VII;7;Mindforce;0.2;56;49;42;16;22;2.73;17.97;154;4.62; ; ; ;372; ; ; ; ; ;Synthetic Mind Essence;Biotropic;9.8; ;Yes;Looted; ;
Regeneration Chip VII (L);7;Mindforce;0.2;56;49;42;16;22;2.73;17.97;25;0.75;140.67%;1046;2.32;353;5.850;8.38; ; ; ;Synthetic Mind Essence;Biotropic;9.8; ;Yes;Looted;Planet Calypso;12.7.0
Regeneration Chip VIII;8;Mindforce;0.2;63;55.13;47.3;18;22;2.73;20.21;179;5.37;2911.36 PED;6202;2.8;420;7.000;7.88; ; ; ;Synthetic Mind Essence;Biotropic;14.4;19;Yes;Looted; ;
Regeneration Chip X;10;Mindforce;0.2;78;68.25;58.5;22;22;2.73;25.02;240;7.20;4001.00 PED;6713;3.468;520;8.668;7.87; ; ; ;Synthetic Mind Essence;Biotropic;18;23;Yes;Looted;Planet Calypso;12.7.0
Regeneration Chip X (L);10;Mindforce;0.2;78;68.25;58.5;22;22;2.73;25.02;35;1.05;141.62%; ; ;494; ; ; ; ; ;Synthetic Mind Essence;Biotropic;18; ;Yes; ; ;
Regeneration Chip XI;11;Mindforce;0.2;86;75.25;64.5;25;22;2.73;27.59;272;8.16;5632.19 PED;7048;3.744;573;9.474;7.94; ; ; ;Synthetic Mind Essence;Biotropic;22; ;Yes;MA Owned, Looted;Planet Calypso;12.5.5
Regeneration Chip XI (L); ;Mindforce;0.2;86;75.25; ;25;22;2.73;27.59;41;1.23;167.07%; ; ;544; ; ; ; ; ;Synthetic Mind Essence;Biotropic;22; ;Yes;Looted;Planet Calypso;
Regeneration Field Chip I (L);1;Mindforce;0.2;69;60.38;51.8;39;5;12.00;5.03;8;0.24;112.26%;236;3.301;1334;16.641;3.63;3;10;IV;Light Mind Essence;Biotropic;18; ;Yes;Looted; ;11.1.2
Regeneration Field Chip II (L);2;Mindforce;0.2;75.8;66.33;56.8;40;5;12.00;5.53;11.7;0.351;112.61%; ; ;1608; ; ;3;10;IV;Light Mind Essence;Biotropic;23; ;Yes;Looted; ;11.2.3
Regeneration Field Chip III (L);3;Mindforce;0.2;84.8;74.2;63.6;40;5;12.00;6.18;15.5;0.465;126.13%; ; ;1719; ; ;3;10;IV;Light Mind Essence;Biotropic;28;33;Yes;Looted; ;11.2.3
Regeneration Field Chip VIII;8;Mindforce;0.2;124.5;124.5;93.4;38;4;15.00;8.30;51;1.53; ; ; ;2640; ; ;3;12;IV;Light Mind Essence;Biotropic;0;55;No;MA Owned;Planet Calypso;12.6.1

